,Landmarking_ADNI_No,Landmarking_ADNI_No,Landmarking_ADNI_No,Landmarking_ADNI_No,Landmarking_ADNI_No,Landmarking_ADNI_No,Landmarking_ADNI_No,Landmarking_ADNI_No,Landmarking_ADNI_No,Landmarking_ADNI_No,Landmarking_ADNI_No,Landmarking_ADNI_No,Landmarking_ADNI_No,Landmarking_ADNI_No,Landmarking_ADNI_No,Landmarking_ADNI_No,Landmarking_ADNI_No,Landmarking_ADNI_No,Landmarking_ADNI_No,Landmarking_ADNI_No,Landmarking_ADNI_No,Landmarking_ADNI_No,Landmarking_ADNI_No,Landmarking_ADNI_No,Landmarking_ADNI_No,Landmarking_ADNI_No,Landmarking_ADNI_No,Landmarking_ADNI_No,Landmarking_ADNI_No,Landmarking_ADNI_No,Landmarking_ADNI_No,Landmarking_ADNI_No,Landmarking_ADNI_No,Landmarking_ADNI_No,Landmarking_ADNI_Super,Landmarking_ADNI_Super,Landmarking_ADNI_Super,Landmarking_ADNI_Super,Landmarking_ADNI_Super,Landmarking_ADNI_Super,Landmarking_ADNI_Super,Landmarking_ADNI_Super,Landmarking_ADNI_Super,Landmarking_ADNI_Super,Landmarking_ADNI_Super,Landmarking_ADNI_Super,Landmarking_ADNI_Super,Landmarking_ADNI_Super,Landmarking_ADNI_Super,Landmarking_ADNI_Super,Landmarking_ADNI_Super,Landmarking_ADNI_Super,Landmarking_ADNI_Super,Landmarking_ADNI_Super,Landmarking_ADNI_Super,Landmarking_ADNI_Super,Landmarking_ADNI_Super,Landmarking_ADNI_Super,Landmarking_ADNI_Super,Landmarking_ADNI_Super,Landmarking_ADNI_Super,Landmarking_ADNI_Super,Landmarking_ADNI_Super,Landmarking_ADNI_Super,Landmarking_ADNI_Super,Landmarking_ADNI_Super,Landmarking_ADNI_Super,Landmarking_ADNI_Super,Landmarking_ADNI_Random,Landmarking_ADNI_Random,Landmarking_ADNI_Random,Landmarking_ADNI_Random,Landmarking_ADNI_Random,Landmarking_ADNI_Random,Landmarking_ADNI_Random,Landmarking_ADNI_Random,Landmarking_ADNI_Random,Landmarking_ADNI_Random,Landmarking_ADNI_Random,Landmarking_ADNI_Random,Landmarking_ADNI_Random,Landmarking_ADNI_Random,Landmarking_ADNI_Random,Landmarking_ADNI_Random,Landmarking_ADNI_Random,Landmarking_ADNI_Random,Landmarking_ADNI_Random,Landmarking_ADNI_Random,Landmarking_ADNI_Random,Landmarking_ADNI_Random,Landmarking_ADNI_Random,Landmarking_ADNI_Random,Landmarking_ADNI_Random,Landmarking_ADNI_Random,Landmarking_ADNI_Random,Landmarking_ADNI_Random,Landmarking_ADNI_Random,Landmarking_ADNI_Random,Landmarking_ADNI_Random,Landmarking_ADNI_Random,Landmarking_ADNI_Random,Landmarking_ADNI_Random,Landmarking_ADNI_Strict,Landmarking_ADNI_Strict,Landmarking_ADNI_Strict,Landmarking_ADNI_Strict,Landmarking_ADNI_Strict,Landmarking_ADNI_Strict,Landmarking_ADNI_Strict,Landmarking_ADNI_Strict,Landmarking_ADNI_Strict,Landmarking_ADNI_Strict,Landmarking_ADNI_Strict,Landmarking_ADNI_Strict,Landmarking_ADNI_Strict,Landmarking_ADNI_Strict,Landmarking_ADNI_Strict,Landmarking_ADNI_Strict,Landmarking_ADNI_Strict,Landmarking_ADNI_Strict,Landmarking_ADNI_Strict,Landmarking_ADNI_Strict,Landmarking_ADNI_Strict,Landmarking_ADNI_Strict,Landmarking_ADNI_Strict,Landmarking_ADNI_Strict,Landmarking_ADNI_Strict,Landmarking_ADNI_Strict,Landmarking_ADNI_Strict,Landmarking_ADNI_Strict,Landmarking_ADNI_Strict,Landmarking_ADNI_Strict,Landmarking_ADNI_Strict,Landmarking_ADNI_Strict,Landmarking_ADNI_Strict,Landmarking_ADNI_Strict
,project_dir,seed,results,train_times,project,filepath,task,test_file,test_size,train_size,cross_validation,train_sets,long_model,surv_model,missing_impute,normalization,train_landmarking,encoding_perc,encoding_size,freeze_long,long_num_layers,long_dropout,surv_hidden_size,surv_num_layers,surv_dropout,learning_rate,weight_decay,loss_value_long,loss_value_surv,batch_size,max_epochs,rsf_n_estimators,rsf_min_samples_leaf,n,project_dir,seed,results,train_times,project,filepath,task,test_file,test_size,train_size,cross_validation,train_sets,long_model,surv_model,missing_impute,normalization,train_landmarking,encoding_perc,encoding_size,freeze_long,long_num_layers,long_dropout,surv_hidden_size,surv_num_layers,surv_dropout,learning_rate,weight_decay,loss_value_long,loss_value_surv,batch_size,max_epochs,rsf_n_estimators,rsf_min_samples_leaf,n,project_dir,seed,results,train_times,project,filepath,task,test_file,test_size,train_size,cross_validation,train_sets,long_model,surv_model,missing_impute,normalization,train_landmarking,encoding_perc,encoding_size,freeze_long,long_num_layers,long_dropout,surv_hidden_size,surv_num_layers,surv_dropout,learning_rate,weight_decay,loss_value_long,loss_value_surv,batch_size,max_epochs,rsf_n_estimators,rsf_min_samples_leaf,n,project_dir,seed,results,train_times,project,filepath,task,test_file,test_size,train_size,cross_validation,train_sets,long_model,surv_model,missing_impute,normalization,train_landmarking,encoding_perc,encoding_size,freeze_long,long_num_layers,long_dropout,surv_hidden_size,surv_num_layers,surv_dropout,learning_rate,weight_decay,loss_value_long,loss_value_surv,batch_size,max_epochs,rsf_n_estimators,rsf_min_samples_leaf,n
0,./logs/Landmarking_ADNI/task_0,42,"{'CPH': {'auc': 0.9567947329461796, 'brier_score': 0.0981363115032437, 'c_index': 0.8886750092784479, 'likelihood': -1.0001223639266985}, 'RSF': {'auc': 0.9576050077118458, 'brier_score': 0.11058352469499574, 'c_index': 0.8936814944315892, 'likelihood': -1.0225253690047604}, 'FNN': {'auc': 0.9845786649931454, 'brier_score': 0.07805058997246135, 'c_index': 0.9010839359139253, 'likelihood': -1.075293358342042}}","{'RNN_long': 40.552881479263306, 'CPH': 0.4108612537384033, 'RSF': 2.226236343383789, 'FNN': 35.954800605773926}",Landmarking_ADNI,dataset/df_adni_tadpole.csv,0,,,,True,10,RNN_long,All,ffill,standard,,0.95,21,True,2,0.3,32,2,0.3,0.001,1e-05,1,0,32,100,1000,16,0,./logs/Landmarking_ADNI/task_1,42,"{'CPH': {'auc': 0.9821174258023875, 'brier_score': 0.07937445535563874, 'c_index': 0.9113763637976315, 'likelihood': -0.9569177232270496}, 'RSF': {'auc': 0.9725565623892378, 'brier_score': 0.08115715385406175, 'c_index': 0.9047405868590825, 'likelihood': -0.983968086203074}, 'FNN': {'auc': 0.9833733350921182, 'brier_score': 0.08285343037260798, 'c_index': 0.901912504053602, 'likelihood': -1.125688934441497}}","{'RNN_long': 66.93781185150146, 'CPH': 0.8005771636962891, 'RSF': 8.997546195983887, 'FNN': 72.34070754051208}",Landmarking_ADNI,dataset/df_adni_tadpole.csv,1,,,,True,10,RNN_long,All,ffill,standard,super,0.95,21,True,2,0.3,32,2,0.3,0.001,1e-05,1,0,32,100,1000,16,0,./logs/Landmarking_ADNI/task_2,42,"{'CPH': {'auc': 0.9614942487261717, 'brier_score': 0.10172714796861412, 'c_index': 0.9006952750922538, 'likelihood': -0.9803119918922483}, 'RSF': {'auc': 0.9644696185223507, 'brier_score': 0.08644797875944421, 'c_index': 0.9058178841991145, 'likelihood': -1.010667959440926}, 'FNN': {'auc': 0.9871170322756514, 'brier_score': 0.06874582029591005, 'c_index': 0.9072799595652441, 'likelihood': -1.0098479894773529}}","{'RNN_long': 42.679229736328125, 'CPH': 0.38027286529541016, 'RSF': 56.991915464401245, 'FNN': 48.4336359500885}",Landmarking_ADNI,dataset/df_adni_tadpole.csv,2,,,,True,10,RNN_long,All,ffill,standard,random,0.95,21,True,2,0.3,32,2,0.3,0.001,1e-05,1,0,32,100,1000,16,0,./logs/Landmarking_ADNI/task_3,42,"{'CPH': {'auc': 0.94500917948736, 'brier_score': 0.10226987801477973, 'c_index': 0.8936507736798068, 'likelihood': -1.0120332328166879}, 'RSF': {'auc': 0.9661894829116403, 'brier_score': 0.08489973993755383, 'c_index': 0.9031478476441039, 'likelihood': -0.9327088775531649}, 'FNN': {'auc': 0.9448249538913762, 'brier_score': 0.0869698735542129, 'c_index': 0.8169853609151515, 'likelihood': -0.9385659831243278}}","{'RNN_long': 58.73348879814148, 'CPH': 0.8374848365783691, 'RSF': 7.161875486373901, 'FNN': 78.89757037162781}",Landmarking_ADNI,dataset/df_adni_tadpole.csv,3,,,,True,10,RNN_long,All,ffill,standard,strict,0.95,21,True,2,0.3,32,2,0.3,0.001,1e-05,1,0,32,100,1000,16,0
1,./logs/Landmarking_ADNI/task_0,42,"{'CPH': {'auc': 0.9651225538702733, 'brier_score': 0.05322116225241052, 'c_index': 0.8774502765563292, 'likelihood': -0.7824306843621187}, 'RSF': {'auc': 0.9440802049257916, 'brier_score': 0.052546068432463504, 'c_index': 0.890902187074255, 'likelihood': -0.8126882577872114}, 'FNN': {'auc': 0.9451566052956628, 'brier_score': 0.050843599241608715, 'c_index': 0.8682007593882917, 'likelihood': -0.8566464038008044}}","{'RNN_long': 36.388179540634155, 'CPH': 0.3882405757904053, 'RSF': 2.289341449737549, 'FNN': 35.63142228126526}",Landmarking_ADNI,dataset/df_adni_tadpole.csv,0,,,,True,10,RNN_long,All,ffill,standard,,0.95,21,True,2,0.3,32,2,0.3,0.001,1e-05,1,0,32,100,1000,16,0,./logs/Landmarking_ADNI/task_1,42,"{'CPH': {'auc': 0.9714659364320514, 'brier_score': 0.03281003746834082, 'c_index': 0.9113192815667109, 'likelihood': -0.6762620513151998}, 'RSF': {'auc': 0.9573974102596221, 'brier_score': 0.03703009474389773, 'c_index': 0.9054118223222105, 'likelihood': -0.6901529843920914}, 'FNN': {'auc': 0.9738697756558241, 'brier_score': 0.03417795139181528, 'c_index': 0.8681571097292156, 'likelihood': -0.8229043627123953}}","{'RNN_long': 63.64738345146179, 'CPH': 0.780029296875, 'RSF': 9.595532178878784, 'FNN': 83.71773529052734}",Landmarking_ADNI,dataset/df_adni_tadpole.csv,1,,,,True,10,RNN_long,All,ffill,standard,super,0.95,21,True,2,0.3,32,2,0.3,0.001,1e-05,1,0,32,100,1000,16,0,./logs/Landmarking_ADNI/task_2,42,"{'CPH': {'auc': 0.8935097672171546, 'brier_score': 0.06342726539364807, 'c_index': 0.866413543240268, 'likelihood': -0.9043814608028933}, 'RSF': {'auc': 0.9498892375599365, 'brier_score': 0.04358415016623437, 'c_index': 0.8942423866139919, 'likelihood': -0.7381484473566874}, 'FNN': {'auc': 0.9794082804678844, 'brier_score': 0.03863244650001702, 'c_index': 0.9051728255940592, 'likelihood': -0.7162351659779062}}","{'RNN_long': 39.07832384109497, 'CPH': 0.36367368698120117, 'RSF': 57.847087144851685, 'FNN': 46.456778049468994}",Landmarking_ADNI,dataset/df_adni_tadpole.csv,2,,,,True,10,RNN_long,All,ffill,standard,random,0.95,21,True,2,0.3,32,2,0.3,0.001,1e-05,1,0,32,100,1000,16,0,./logs/Landmarking_ADNI/task_3,42,"{'CPH': {'auc': 0.8735968353381198, 'brier_score': 0.04175335609820116, 'c_index': 0.8270841482395987, 'likelihood': -0.8888292382361455}, 'RSF': {'auc': 0.9572868512588043, 'brier_score': 0.03608880736258279, 'c_index': 0.8980144094558145, 'likelihood': -0.6484361950376415}, 'FNN': {'auc': 0.9420419461293101, 'brier_score': 0.03461778740489167, 'c_index': 0.7833035681366483, 'likelihood': -0.6416730115325004}}","{'RNN_long': 56.56894612312317, 'CPH': 0.9114830493927002, 'RSF': 7.170942783355713, 'FNN': 83.41821718215942}",Landmarking_ADNI,dataset/df_adni_tadpole.csv,3,,,,True,10,RNN_long,All,ffill,standard,strict,0.95,21,True,2,0.3,32,2,0.3,0.001,1e-05,1,0,32,100,1000,16,0
2,./logs/Landmarking_ADNI/task_0,42,"{'CPH': {'auc': 0.9016590208207219, 'brier_score': 0.18404384402447332, 'c_index': 0.8870700739326196, 'likelihood': -1.3905805549074715}, 'RSF': {'auc': 0.9145146935320575, 'brier_score': 0.19492051462519172, 'c_index': 0.8657446440880823, 'likelihood': -1.3747816400032942}, 'FNN': {'auc': 0.9161258848472245, 'brier_score': 0.18023550522381623, 'c_index': 0.8550908458453621, 'likelihood': -1.6973319490137033}}","{'RNN_long': 36.786229372024536, 'CPH': 0.4092066287994385, 'RSF': 2.3785855770111084, 'FNN': 35.59630537033081}",Landmarking_ADNI,dataset/df_adni_tadpole.csv,0,,,,True,10,RNN_long,All,ffill,standard,,0.95,21,True,2,0.3,32,2,0.3,0.001,1e-05,1,0,32,100,1000,16,0,./logs/Landmarking_ADNI/task_1,42,"{'CPH': {'auc': 0.9639822155914565, 'brier_score': 0.1322141529034559, 'c_index': 0.8888705609491807, 'likelihood': -1.1594277894479672}, 'RSF': {'auc': 0.9364616025753157, 'brier_score': 0.13298058208630564, 'c_index': 0.8792517356526872, 'likelihood': -1.1376052579535243}, 'FNN': {'auc': 0.8986226833482563, 'brier_score': 0.1617158405005231, 'c_index': 0.8583684288753028, 'likelihood': -1.498490726451132}}","{'RNN_long': 67.01315093040466, 'CPH': 0.5810849666595459, 'RSF': 9.855432033538818, 'FNN': 74.13201713562012}",Landmarking_ADNI,dataset/df_adni_tadpole.csv,1,,,,True,10,RNN_long,All,ffill,standard,super,0.95,21,True,2,0.3,32,2,0.3,0.001,1e-05,1,0,32,100,1000,16,0,./logs/Landmarking_ADNI/task_2,42,"{'CPH': {'auc': 0.9358898659722694, 'brier_score': 0.17770773849607585, 'c_index': 0.8588740334947962, 'likelihood': -1.3733177939669339}, 'RSF': {'auc': 0.9119616929094958, 'brier_score': 0.14747491812508265, 'c_index': 0.8800721555902933, 'likelihood': -1.2345134747964461}, 'FNN': {'auc': 0.8964799910687352, 'brier_score': 0.1515235814355592, 'c_index': 0.8501318304403784, 'likelihood': -1.3749108114534538}}","{'RNN_long': 38.01598787307739, 'CPH': 0.41913580894470215, 'RSF': 57.82347917556763, 'FNN': 46.48858284950256}",Landmarking_ADNI,dataset/df_adni_tadpole.csv,2,,,,True,10,RNN_long,All,ffill,standard,random,0.95,21,True,2,0.3,32,2,0.3,0.001,1e-05,1,0,32,100,1000,16,0,./logs/Landmarking_ADNI/task_3,42,"{'CPH': nan, 'RSF': {'auc': 0.9455077130198396, 'brier_score': 0.1404099401784642, 'c_index': 0.8622955633923024, 'likelihood': -1.1588630103282949}, 'FNN': {'auc': 0.8540493333402682, 'brier_score': 0.1706049904474686, 'c_index': 0.7643551216798359, 'likelihood': -1.3008468639916937}}","{'RNN_long': 57.62240529060364, 'CPH': 0.6602592468261719, 'RSF': 7.331640243530273, 'FNN': 80.37652277946472}",Landmarking_ADNI,dataset/df_adni_tadpole.csv,3,,,,True,10,RNN_long,All,ffill,standard,strict,0.95,21,True,2,0.3,32,2,0.3,0.001,1e-05,1,0,32,100,1000,16,0
3,./logs/Landmarking_ADNI/task_0,42,"{'CPH': {'auc': 0.990515731061896, 'brier_score': 0.05972914769787793, 'c_index': 0.844308460503185, 'likelihood': -0.8179418364265739}, 'RSF': {'auc': 0.8389692986571299, 'brier_score': 0.06250724142848835, 'c_index': 0.7727588337302858, 'likelihood': -0.9149984974471161}, 'FNN': {'auc': 0.9914962250720418, 'brier_score': 0.0681710365142144, 'c_index': 0.8330690124120949, 'likelihood': -0.9912198969592076}}","{'RNN_long': 36.699240922927856, 'CPH': 0.3416132926940918, 'RSF': 2.343080759048462, 'FNN': 35.82348442077637}",Landmarking_ADNI,dataset/df_adni_tadpole.csv,0,,,,True,10,RNN_long,All,ffill,standard,,0.95,21,True,2,0.3,32,2,0.3,0.001,1e-05,1,0,32,100,1000,16,0,./logs/Landmarking_ADNI/task_1,42,"{'CPH': {'auc': 0.9827353424640324, 'brier_score': 0.06368020809700223, 'c_index': 0.8720252823079895, 'likelihood': -0.7023930096575011}, 'RSF': {'auc': 0.931767575012086, 'brier_score': 0.06789769346225145, 'c_index': 0.8232790986560818, 'likelihood': -0.8264138502977274}, 'FNN': {'auc': 0.9870673944565711, 'brier_score': 0.07028483522273288, 'c_index': 0.9019019285435594, 'likelihood': -0.9354810187211673}}","{'RNN_long': 64.11521291732788, 'CPH': 0.7739250659942627, 'RSF': 10.300659894943237, 'FNN': 73.26308822631836}",Landmarking_ADNI,dataset/df_adni_tadpole.csv,1,,,,True,10,RNN_long,All,ffill,standard,super,0.95,21,True,2,0.3,32,2,0.3,0.001,1e-05,1,0,32,100,1000,16,0,./logs/Landmarking_ADNI/task_2,42,"{'CPH': {'auc': 0.9911522674856175, 'brier_score': 0.06679381204040068, 'c_index': 0.8680614282520296, 'likelihood': -0.827010782203756}, 'RSF': {'auc': 0.9637187691395943, 'brier_score': 0.06279181287600358, 'c_index': 0.8355648445685577, 'likelihood': -0.8194888370817079}, 'FNN': {'auc': 0.9838912418058041, 'brier_score': 0.06329371463870895, 'c_index': 0.899763207930614, 'likelihood': -0.7462721092027567}}","{'RNN_long': 36.22350859642029, 'CPH': 0.4106321334838867, 'RSF': 57.923534631729126, 'FNN': 46.15310001373291}",Landmarking_ADNI,dataset/df_adni_tadpole.csv,2,,,,True,10,RNN_long,All,ffill,standard,random,0.95,21,True,2,0.3,32,2,0.3,0.001,1e-05,1,0,32,100,1000,16,0,./logs/Landmarking_ADNI/task_3,42,"{'CPH': nan, 'RSF': {'auc': 0.8393274899712371, 'brier_score': 0.06047780655423056, 'c_index': 0.8354115158362397, 'likelihood': -0.7495719440222083}, 'FNN': {'auc': 0.9182720787313338, 'brier_score': 0.06551737984945513, 'c_index': 0.8237189376664711, 'likelihood': -0.7091415324456474}}","{'RNN_long': 55.044514417648315, 'CPH': 0.6579775810241699, 'RSF': 7.1321046352386475, 'FNN': 79.8717930316925}",Landmarking_ADNI,dataset/df_adni_tadpole.csv,3,,,,True,10,RNN_long,All,ffill,standard,strict,0.95,21,True,2,0.3,32,2,0.3,0.001,1e-05,1,0,32,100,1000,16,0
4,./logs/Landmarking_ADNI/task_0,42,"{'CPH': {'auc': 0.9888802467207471, 'brier_score': 0.12987897294010672, 'c_index': 0.8706705013344338, 'likelihood': -1.2155310741588654}, 'RSF': {'auc': 0.9727157026974361, 'brier_score': 0.1470012387744613, 'c_index': 0.8649360730404024, 'likelihood': -1.2207043670680031}, 'FNN': {'auc': 0.9936947036641829, 'brier_score': 0.11065680693369123, 'c_index': 0.8905211375027748, 'likelihood': -1.153431881196615}}","{'RNN_long': 35.41470789909363, 'CPH': 0.40259695053100586, 'RSF': 2.2557199001312256, 'FNN': 35.86300802230835}",Landmarking_ADNI,dataset/df_adni_tadpole.csv,0,,,,True,10,RNN_long,All,ffill,standard,,0.95,21,True,2,0.3,32,2,0.3,0.001,1e-05,1,0,32,100,1000,16,0,./logs/Landmarking_ADNI/task_1,42,"{'CPH': {'auc': 0.9959820385840628, 'brier_score': 0.0817306860036866, 'c_index': 0.8818480526065354, 'likelihood': -0.9749428967238223}, 'RSF': {'auc': 0.9842254349127816, 'brier_score': 0.08953272246799857, 'c_index': 0.8638023483934697, 'likelihood': -1.0850508502003886}, 'FNN': {'auc': 0.9894732551450514, 'brier_score': 0.07392956221226805, 'c_index': 0.8863085299228793, 'likelihood': -1.0975184534272608}}","{'RNN_long': 63.28659987449646, 'CPH': 0.8011505603790283, 'RSF': 9.27931261062622, 'FNN': 72.90715909004211}",Landmarking_ADNI,dataset/df_adni_tadpole.csv,1,,,,True,10,RNN_long,All,ffill,standard,super,0.95,21,True,2,0.3,32,2,0.3,0.001,1e-05,1,0,32,100,1000,16,0,./logs/Landmarking_ADNI/task_2,42,"{'CPH': {'auc': 0.9710771630613667, 'brier_score': 0.1276264926450501, 'c_index': 0.8610516123580841, 'likelihood': -1.3389253670219883}, 'RSF': {'auc': 0.9858828104464004, 'brier_score': 0.1138128688077876, 'c_index': 0.864692887573388, 'likelihood': -1.1217666195284235}, 'FNN': {'auc': 0.9950088003584221, 'brier_score': 0.08685596586597331, 'c_index': 0.8850041373553049, 'likelihood': -1.0358841257782896}}","{'RNN_long': 37.039108991622925, 'CPH': 0.3680851459503174, 'RSF': 56.32903432846069, 'FNN': 46.66030788421631}",Landmarking_ADNI,dataset/df_adni_tadpole.csv,2,,,,True,10,RNN_long,All,ffill,standard,random,0.95,21,True,2,0.3,32,2,0.3,0.001,1e-05,1,0,32,100,1000,16,0,./logs/Landmarking_ADNI/task_3,42,"{'CPH': nan, 'RSF': {'auc': 0.9833524635755635, 'brier_score': 0.10460302242755011, 'c_index': 0.8640540167327602, 'likelihood': -1.0334400466034628}, 'FNN': {'auc': 0.988871865333024, 'brier_score': 0.10897606207299369, 'c_index': 0.8119884368595742, 'likelihood': -0.9266006627812249}}","{'RNN_long': 54.60503625869751, 'CPH': 0.6720468997955322, 'RSF': 7.129996299743652, 'FNN': 82.83090281486511}",Landmarking_ADNI,dataset/df_adni_tadpole.csv,3,,,,True,10,RNN_long,All,ffill,standard,strict,0.95,21,True,2,0.3,32,2,0.3,0.001,1e-05,1,0,32,100,1000,16,0
5,./logs/Landmarking_ADNI/task_0,42,"{'CPH': {'auc': 0.961168042413679, 'brier_score': 0.08399192795654997, 'c_index': 0.8400089684951094, 'likelihood': -0.5474031597954864}, 'RSF': {'auc': 0.9753870074858264, 'brier_score': 0.07918241491416561, 'c_index': 0.8764136884396119, 'likelihood': -0.57073978102525}, 'FNN': {'auc': 0.9675797226063103, 'brier_score': 0.06747047254969951, 'c_index': 0.8547724660829452, 'likelihood': -0.5365874074829107}}","{'RNN_long': 36.75820469856262, 'CPH': 0.3748962879180908, 'RSF': 2.2323660850524902, 'FNN': 39.23135542869568}",Landmarking_ADNI,dataset/df_adni_tadpole.csv,0,,,,True,10,RNN_long,All,ffill,standard,,0.95,21,True,2,0.3,32,2,0.3,0.001,1e-05,1,0,32,100,1000,16,0,./logs/Landmarking_ADNI/task_1,42,"{'CPH': {'auc': 0.9721472814161498, 'brier_score': 0.04712682628115813, 'c_index': 0.8944044563505686, 'likelihood': -0.5667237151039857}, 'RSF': {'auc': 0.968381783734055, 'brier_score': 0.05282510428644796, 'c_index': 0.8437641776876093, 'likelihood': -0.5550067748215557}, 'FNN': {'auc': 0.9513694729678911, 'brier_score': 0.057318223672990734, 'c_index': 0.8015957876459907, 'likelihood': -0.5003257816514074}}","{'RNN_long': 63.552350997924805, 'CPH': 0.818248987197876, 'RSF': 9.622200012207031, 'FNN': 79.41745114326477}",Landmarking_ADNI,dataset/df_adni_tadpole.csv,1,,,,True,10,RNN_long,All,ffill,standard,super,0.95,21,True,2,0.3,32,2,0.3,0.001,1e-05,1,0,32,100,1000,16,0,./logs/Landmarking_ADNI/task_2,42,"{'CPH': {'auc': 0.9532584407460576, 'brier_score': 0.08879352352495865, 'c_index': 0.8209349896689327, 'likelihood': -0.5700400371718151}, 'RSF': {'auc': 0.968258675542359, 'brier_score': 0.0638683001743378, 'c_index': 0.8338079347582443, 'likelihood': -0.6013797660492876}, 'FNN': {'auc': 0.9704030498931915, 'brier_score': 0.06271115720819456, 'c_index': 0.8588252382232682, 'likelihood': -0.5026060957104954}}","{'RNN_long': 38.00569295883179, 'CPH': 0.3977084159851074, 'RSF': 57.42167139053345, 'FNN': 46.49503302574158}",Landmarking_ADNI,dataset/df_adni_tadpole.csv,2,,,,True,10,RNN_long,All,ffill,standard,random,0.95,21,True,2,0.3,32,2,0.3,0.001,1e-05,1,0,32,100,1000,16,0,./logs/Landmarking_ADNI/task_3,42,"{'CPH': {'auc': 0.8525463946096845, 'brier_score': 0.08786620464029576, 'c_index': 0.7821411197246606, 'likelihood': -0.7944480347799783}, 'RSF': {'auc': 0.9608938634660193, 'brier_score': 0.05801781336429799, 'c_index': 0.8389850566628354, 'likelihood': -0.5357388136549588}, 'FNN': {'auc': 0.9293531932397746, 'brier_score': 0.06409249332307698, 'c_index': 0.768793598862662, 'likelihood': -0.43906937563486925}}","{'RNN_long': 54.17651295661926, 'CPH': 0.8381369113922119, 'RSF': 7.244400501251221, 'FNN': 78.82195234298706}",Landmarking_ADNI,dataset/df_adni_tadpole.csv,3,,,,True,10,RNN_long,All,ffill,standard,strict,0.95,21,True,2,0.3,32,2,0.3,0.001,1e-05,1,0,32,100,1000,16,0
6,./logs/Landmarking_ADNI/task_0,42,"{'CPH': {'auc': 0.9821564656492409, 'brier_score': 0.125143205999434, 'c_index': 0.8867417714772587, 'likelihood': -1.0704720350335064}, 'RSF': {'auc': 0.9818318741439578, 'brier_score': 0.1494745850494681, 'c_index': 0.8777559096079683, 'likelihood': -1.1695070450023641}, 'FNN': {'auc': 0.9748043230541719, 'brier_score': 0.14135943311993976, 'c_index': 0.850630838120775, 'likelihood': -1.304234190134284}}","{'RNN_long': 36.75770592689514, 'CPH': 0.37554311752319336, 'RSF': 2.322265625, 'FNN': 36.29231548309326}",Landmarking_ADNI,dataset/df_adni_tadpole.csv,0,,,,True,10,RNN_long,All,ffill,standard,,0.95,21,True,2,0.3,32,2,0.3,0.001,1e-05,1,0,32,100,1000,16,0,./logs/Landmarking_ADNI/task_1,42,"{'CPH': {'auc': 0.9761934594225863, 'brier_score': 0.09822747670867814, 'c_index': 0.8567386076934986, 'likelihood': -1.064795194918842}, 'RSF': {'auc': 0.9814154802116647, 'brier_score': 0.08916294178045395, 'c_index': 0.8845910250122391, 'likelihood': -1.1152995189089554}, 'FNN': {'auc': 0.968864782504211, 'brier_score': 0.11147002658389628, 'c_index': 0.8423859930298309, 'likelihood': -1.432735029639185}}","{'RNN_long': 64.14434313774109, 'CPH': 0.8036260604858398, 'RSF': 10.229778528213501, 'FNN': 74.15473103523254}",Landmarking_ADNI,dataset/df_adni_tadpole.csv,1,,,,True,10,RNN_long,All,ffill,standard,super,0.95,21,True,2,0.3,32,2,0.3,0.001,1e-05,1,0,32,100,1000,16,0,./logs/Landmarking_ADNI/task_2,42,"{'CPH': {'auc': 0.971797562301301, 'brier_score': 0.13994352090546924, 'c_index': 0.8542490522073545, 'likelihood': -1.118976219811933}, 'RSF': {'auc': 0.9824214673661966, 'brier_score': 0.11572817324313724, 'c_index': 0.8863784509631418, 'likelihood': -1.1872297855334226}, 'FNN': {'auc': 0.9736139089653998, 'brier_score': 0.12301662880367306, 'c_index': 0.846677104095198, 'likelihood': -1.2590086813723405}}","{'RNN_long': 38.046446561813354, 'CPH': 0.4188196659088135, 'RSF': 57.48832607269287, 'FNN': 46.604859352111816}",Landmarking_ADNI,dataset/df_adni_tadpole.csv,2,,,,True,10,RNN_long,All,ffill,standard,random,0.95,21,True,2,0.3,32,2,0.3,0.001,1e-05,1,0,32,100,1000,16,0,./logs/Landmarking_ADNI/task_3,42,"{'CPH': {'auc': 0.7653902879141549, 'brier_score': 0.2496808987414119, 'c_index': 0.7210576602946481, 'likelihood': -4.164272467512128}, 'RSF': {'auc': 0.9766473742438573, 'brier_score': 0.10698538924737289, 'c_index': 0.8684250409233415, 'likelihood': -1.0803983897050062}, 'FNN': {'auc': 0.9285834798274871, 'brier_score': 0.13681182907114048, 'c_index': 0.754001766930718, 'likelihood': -1.0834764372530834}}","{'RNN_long': 56.684463024139404, 'CPH': 0.8765108585357666, 'RSF': 7.212329626083374, 'FNN': 83.63595509529114}",Landmarking_ADNI,dataset/df_adni_tadpole.csv,3,,,,True,10,RNN_long,All,ffill,standard,strict,0.95,21,True,2,0.3,32,2,0.3,0.001,1e-05,1,0,32,100,1000,16,0
7,./logs/Landmarking_ADNI/task_0,42,"{'CPH': {'auc': 0.9601874866656299, 'brier_score': 0.11021463241556301, 'c_index': 0.8651075382359202, 'likelihood': -1.2340311277482572}, 'RSF': {'auc': 0.9437890966353075, 'brier_score': 0.1279912869371752, 'c_index': 0.865677146780361, 'likelihood': -1.2460441658153267}, 'FNN': {'auc': 0.9144185127830056, 'brier_score': 0.12041936350454713, 'c_index': 0.8271882187514576, 'likelihood': -1.4932955939341244}}","{'RNN_long': 36.93986105918884, 'CPH': 0.3602619171142578, 'RSF': 2.2536656856536865, 'FNN': 36.23369765281677}",Landmarking_ADNI,dataset/df_adni_tadpole.csv,0,,,,True,10,RNN_long,All,ffill,standard,,0.95,21,True,2,0.3,32,2,0.3,0.001,1e-05,1,0,32,100,1000,16,0,./logs/Landmarking_ADNI/task_1,42,"{'CPH': {'auc': 0.8617766416824122, 'brier_score': 0.09278138949637574, 'c_index': 0.8435287844405621, 'likelihood': -1.0331281980903748}, 'RSF': {'auc': 0.9400724624637828, 'brier_score': 0.0823711826402675, 'c_index': 0.8384540204639345, 'likelihood': -1.0443563351862277}, 'FNN': {'auc': 0.8828003424713704, 'brier_score': 0.10029114448465465, 'c_index': 0.7774225610082403, 'likelihood': -1.2449048423484665}}","{'RNN_long': 63.56832194328308, 'CPH': 0.7796802520751953, 'RSF': 10.093991756439209, 'FNN': 73.7752754688263}",Landmarking_ADNI,dataset/df_adni_tadpole.csv,1,,,,True,10,RNN_long,All,ffill,standard,super,0.95,21,True,2,0.3,32,2,0.3,0.001,1e-05,1,0,32,100,1000,16,0,./logs/Landmarking_ADNI/task_2,42,"{'CPH': {'auc': 0.8663563643874572, 'brier_score': 0.12395644505001699, 'c_index': 0.8288086049600304, 'likelihood': -1.2698719972675292}, 'RSF': {'auc': 0.8989351585412111, 'brier_score': 0.10432737316908994, 'c_index': 0.8356237871324079, 'likelihood': -1.1460318355456154}, 'FNN': {'auc': 0.8819861953665501, 'brier_score': 0.10723559261000339, 'c_index': 0.8110483919013264, 'likelihood': -1.1670509091308021}}","{'RNN_long': 37.05585265159607, 'CPH': 0.4226958751678467, 'RSF': 58.643798828125, 'FNN': 46.6897349357605}",Landmarking_ADNI,dataset/df_adni_tadpole.csv,2,,,,True,10,RNN_long,All,ffill,standard,random,0.95,21,True,2,0.3,32,2,0.3,0.001,1e-05,1,0,32,100,1000,16,0,./logs/Landmarking_ADNI/task_3,42,"{'CPH': nan, 'RSF': {'auc': 0.8929945552932271, 'brier_score': 0.1033210971231959, 'c_index': 0.8235896538294105, 'likelihood': -1.0437707042882667}, 'FNN': {'auc': 0.867039505142483, 'brier_score': 0.11600328382711458, 'c_index': 0.73162228023813, 'likelihood': -1.0792848134423594}}","{'RNN_long': 54.88207268714905, 'CPH': 0.7469563484191895, 'RSF': 7.149374723434448, 'FNN': 72.98412418365479}",Landmarking_ADNI,dataset/df_adni_tadpole.csv,3,,,,True,10,RNN_long,All,ffill,standard,strict,0.95,21,True,2,0.3,32,2,0.3,0.001,1e-05,1,0,32,100,1000,16,0
8,./logs/Landmarking_ADNI/task_0,42,"{'CPH': {'auc': 0.969769101726953, 'brier_score': 0.08803660817893987, 'c_index': 0.9217830785306343, 'likelihood': -0.6499952200081345}, 'RSF': {'auc': 0.9294645299136493, 'brier_score': 0.0958236454801431, 'c_index': 0.898236878675077, 'likelihood': -0.7062208926703109}, 'FNN': {'auc': 0.9311171099083304, 'brier_score': 0.09430820215332748, 'c_index': 0.9244013217738776, 'likelihood': -0.7091765181433822}}","{'RNN_long': 37.00395393371582, 'CPH': 0.36680126190185547, 'RSF': 2.2777929306030273, 'FNN': 36.08899998664856}",Landmarking_ADNI,dataset/df_adni_tadpole.csv,0,,,,True,10,RNN_long,All,ffill,standard,,0.95,21,True,2,0.3,32,2,0.3,0.001,1e-05,1,0,32,100,1000,16,0,./logs/Landmarking_ADNI/task_1,42,"{'CPH': {'auc': 0.945079542430142, 'brier_score': 0.06999502289265011, 'c_index': 0.9272924686856252, 'likelihood': -0.7927468846047738}, 'RSF': {'auc': 0.9460112905163061, 'brier_score': 0.06204760315082182, 'c_index': 0.9118914164217935, 'likelihood': -0.6618663973723347}, 'FNN': {'auc': 0.928185957083326, 'brier_score': 0.07045784376973387, 'c_index': 0.9092082736548519, 'likelihood': -0.6837868533623817}}","{'RNN_long': 64.24924778938293, 'CPH': 0.7747957706451416, 'RSF': 10.352429628372192, 'FNN': 72.54940223693848}",Landmarking_ADNI,dataset/df_adni_tadpole.csv,1,,,,True,10,RNN_long,All,ffill,standard,super,0.95,21,True,2,0.3,32,2,0.3,0.001,1e-05,1,0,32,100,1000,16,0,./logs/Landmarking_ADNI/task_2,42,"{'CPH': {'auc': 0.9722964004987159, 'brier_score': 0.08766121355298999, 'c_index': 0.9079457190665292, 'likelihood': -0.6954372244421316}, 'RSF': {'auc': 0.9478257389418483, 'brier_score': 0.07157974106554849, 'c_index': 0.9058706467924345, 'likelihood': -0.6956384121125414}, 'FNN': {'auc': 0.953574375964742, 'brier_score': 0.07840635674377355, 'c_index': 0.9323162953138512, 'likelihood': -0.6903254598158597}}","{'RNN_long': 37.162731647491455, 'CPH': 0.4294915199279785, 'RSF': 58.06286859512329, 'FNN': 46.90873956680298}",Landmarking_ADNI,dataset/df_adni_tadpole.csv,2,,,,True,10,RNN_long,All,ffill,standard,random,0.95,21,True,2,0.3,32,2,0.3,0.001,1e-05,1,0,32,100,1000,16,0,./logs/Landmarking_ADNI/task_3,42,"{'CPH': nan, 'RSF': {'auc': 0.9680170092795418, 'brier_score': 0.06434497684754951, 'c_index': 0.9107916946691388, 'likelihood': -0.6125013977226454}, 'FNN': {'auc': 0.8734255887098178, 'brier_score': 0.0818130010713427, 'c_index': 0.7605127131663444, 'likelihood': -0.6032334171733266}}","{'RNN_long': 51.08664679527283, 'CPH': 0.40842270851135254, 'RSF': 7.176566123962402, 'FNN': 70.62989044189453}",Landmarking_ADNI,dataset/df_adni_tadpole.csv,3,,,,True,10,RNN_long,All,ffill,standard,strict,0.95,21,True,2,0.3,32,2,0.3,0.001,1e-05,1,0,32,100,1000,16,0
9,./logs/Landmarking_ADNI/task_0,42,"{'CPH': {'auc': 0.9207841118310257, 'brier_score': 0.06950251541652333, 'c_index': 0.8570745276105733, 'likelihood': -0.7433739326089183}, 'RSF': {'auc': 0.9209487637006988, 'brier_score': 0.06844546784296097, 'c_index': 0.829234989131402, 'likelihood': -0.8400423805721275}, 'FNN': {'auc': 0.9205872161128738, 'brier_score': 0.07010222272659192, 'c_index': 0.826439031639578, 'likelihood': -0.8462159717271134}}","{'RNN_long': 36.81104922294617, 'CPH': 0.3412790298461914, 'RSF': 2.2984659671783447, 'FNN': 37.63699769973755}",Landmarking_ADNI,dataset/df_adni_tadpole.csv,0,,,,True,10,RNN_long,All,ffill,standard,,0.95,21,True,2,0.3,32,2,0.3,0.001,1e-05,1,0,32,100,1000,16,0,./logs/Landmarking_ADNI/task_1,42,"{'CPH': {'auc': 0.9318437770984636, 'brier_score': 0.046506955268648204, 'c_index': 0.8914347846255436, 'likelihood': -0.6780404145509542}, 'RSF': {'auc': 0.930013002538022, 'brier_score': 0.048089118300226656, 'c_index': 0.8603210372496273, 'likelihood': -0.7105649578563}, 'FNN': {'auc': 0.8757765811988455, 'brier_score': 0.04785055646555241, 'c_index': 0.8250552802863615, 'likelihood': -0.8199988753546931}}","{'RNN_long': 64.28602504730225, 'CPH': 0.7947709560394287, 'RSF': 9.513499021530151, 'FNN': 83.2911868095398}",Landmarking_ADNI,dataset/df_adni_tadpole.csv,1,,,,True,10,RNN_long,All,ffill,standard,super,0.95,21,True,2,0.3,32,2,0.3,0.001,1e-05,1,0,32,100,1000,16,0,./logs/Landmarking_ADNI/task_2,42,"{'CPH': {'auc': 0.9077751897952149, 'brier_score': 0.06833870674224218, 'c_index': 0.8510987753142558, 'likelihood': -0.7357604203584385}, 'RSF': {'auc': 0.9081985298891662, 'brier_score': 0.05730087599863334, 'c_index': 0.8359729203003123, 'likelihood': -0.7653325277516846}, 'FNN': {'auc': 0.8932642585809973, 'brier_score': 0.05079778000326711, 'c_index': 0.8184330238856257, 'likelihood': -0.7487144015957969}}","{'RNN_long': 38.100855350494385, 'CPH': 0.42772507667541504, 'RSF': 57.42295789718628, 'FNN': 47.57850503921509}",Landmarking_ADNI,dataset/df_adni_tadpole.csv,2,,,,True,10,RNN_long,All,ffill,standard,random,0.95,21,True,2,0.3,32,2,0.3,0.001,1e-05,1,0,32,100,1000,16,0,./logs/Landmarking_ADNI/task_3,42,"{'CPH': nan, 'RSF': {'auc': 0.9300658819999444, 'brier_score': 0.05177921465330396, 'c_index': 0.8607648623552451, 'likelihood': -0.6803544260523943}, 'FNN': {'auc': 0.8580417689041572, 'brier_score': 0.05502893582158331, 'c_index': 0.7389167160699591, 'likelihood': -0.7038128518676723}}","{'RNN_long': 50.55450677871704, 'CPH': 0.7929091453552246, 'RSF': 7.3045334815979, 'FNN': 70.54632759094238}",Landmarking_ADNI,dataset/df_adni_tadpole.csv,3,,,,True,10,RNN_long,All,ffill,standard,strict,0.95,21,True,2,0.3,32,2,0.3,0.001,1e-05,1,0,32,100,1000,16,0
